Métrica,SA,ACO
Min Valor,660250.0,631548.0
Max Valor,660250.0,654359.0
Media Valor,660250.0,643044.04
Varianza Valor,0.0,28911050.198400002
Tiempo Medio (s),0.001902294158935547,0.3995834255218506
Varianza Tiempo,4.219646143610589e-08,0.0007992360180759535
Iter. Convergencia Media,1.0,163.16
Iter. Convergencia Varianza,0.0,5685.774399999999
