Métrica,SA,ACO
Min Valor,660250.0,661165.0
Max Valor,662301.0,662301.0
Media Valor,660947.34,662232.84
Varianza Valor,943961.2644,72783.9744
Tiempo Medio (s),0.00791165828704834,1.6156236600875855
Varianza Tiempo,3.4398983245864655e-07,0.01829659768366648
Iter. Convergencia Media,133.6,286.64
Iter. Convergencia Varianza,50210.11999999999,29061.790399999994
